CustomerID ,CustomerName ,ContactPhone ,ContactEmail ,CreationDate ,LastUpdated 
1,Suki Ciardo,303-969-6688,sciardo0@squarespace.com,10/22/2023,7/1/2024
2,Eudora Sherrington,343-174-1865,esherrington1@unblog.fr,11/16/2023,1/5/2024
3,Denna Beardsworth,668-380-9172,dbeardsworth2@usda.gov,11/6/2023,8/22/2024
4,Burch Gaffer,942-800-5754,bgaffer3@gravatar.com,11/15/2023,8/5/2024
5,Fionnula Gasticke,139-480-8516,fgasticke4@livejournal.com,10/22/2023,4/14/2024
6,Barret Roback,305-914-2635,broback5@china.com.cn,12/4/2023,5/29/2024
7,Andrey Abbot,679-267-1322,aabbot6@51.la,11/24/2023,3/11/2024
8,Fabiano Listone,288-793-5641,flistone7@deviantart.com,11/4/2023,2/10/2024
9,Guillermo Danson,776-641-5257,gdanson8@imgur.com,12/5/2023,10/19/2024
10,Meggi Yeoland,372-692-7583,myeoland9@unicef.org,10/24/2023,7/7/2024
11,Corinne Uridge,124-142-7277,curidgea@fema.gov,12/4/2023,8/8/2024
12,Kasper Bortolini,241-449-3226,kbortolinib@uol.com.br,11/25/2023,6/20/2024
13,Davidde Maffey,467-678-8730,dmaffeyc@google.com.au,10/11/2023,3/2/2024
14,Jule Cromar,810-119-0410,jcromard@blinklist.com,10/28/2023,3/10/2024
15,Igor Glide,767-479-8193,iglidee@lycos.com,10/20/2023,8/13/2024
16,Jocelyne Boomes,382-311-1468,jboomesf@free.fr,11/16/2023,1/9/2024
17,Valentin Threlkeld,112-924-9829,vthrelkeldg@lycos.com,10/16/2023,9/18/2024
18,Lyndell Whatling,912-268-1189,lwhatlingh@paypal.com,12/13/2023,1/18/2024
19,Mart Skerme,968-971-1226,mskermei@woothemes.com,12/13/2023,3/19/2024
20,Waneta Gendricke,701-800-7592,wgendrickej@abc.net.au,10/20/2023,5/4/2024
21,Anitra Bulled,720-254-2612,abulledk@reuters.com,10/27/2023,11/27/2024
22,Blondy Goodoune,642-549-8349,bgoodounel@wikimedia.org,10/26/2023,3/30/2024
23,Flinn Waleran,993-553-8033,fwaleranm@mayoclinic.com,11/12/2023,2/7/2024
24,Douglas Clementet,514-162-4570,dclementetn@archive.org,10/19/2023,6/27/2024
25,Issiah Trorey,318-711-0913,itroreyo@dell.com,11/16/2023,1/13/2024
26,Magdalen McKechnie,884-983-3707,mmckechniep@goodreads.com,11/3/2023,9/11/2024
27,Carma Hlavecek,500-991-8773,chlavecekq@scientificamerican.com,11/8/2023,11/10/2024
28,Angelina Stuchbery,405-897-6122,astuchberyr@nbcnews.com,11/15/2023,3/2/2024
29,Maurise Joblin,194-623-5487,mjoblins@cocolog-nifty.com,10/8/2023,8/10/2024
30,Ase Hagyard,226-372-4156,ahagyardt@sogou.com,11/4/2023,4/30/2024
31,Gary Gauge,476-107-2534,ggaugeu@newsvine.com,10/31/2023,8/17/2024
32,Sammie Trimme,276-843-0397,strimmev@paypal.com,12/8/2023,6/14/2024
33,Tina Corbet,320-657-1573,tcorbetw@posterous.com,10/22/2023,6/28/2024
34,Joelie Charrette,925-874-1643,jcharrettex@delicious.com,12/9/2023,7/26/2024
35,Laughton Mountney,846-572-9241,lmountneyy@columbia.edu,11/20/2023,11/8/2024
36,Leone O'Mullally,675-794-3190,lomullallyz@phpbb.com,11/19/2023,5/19/2024
37,Herold Moth,842-560-5463,hmoth10@upenn.edu,11/5/2023,11/6/2024
38,Giraud Castell,175-752-0851,gcastell11@washingtonpost.com,10/4/2023,6/10/2024
39,Scot Rack,582-636-7788,srack12@cpanel.net,11/26/2023,8/26/2024
40,Lissi Petticrew,567-921-9033,lpetticrew13@spotify.com,11/19/2023,9/3/2024
41,Irvin Sainthill,112-603-9019,isainthill14@amazon.co.jp,10/12/2023,8/14/2024
42,Dunstan McCrackem,301-810-6305,dmccrackem15@hatena.ne.jp,10/26/2023,9/25/2024
43,Keelia Warrier,414-903-0738,kwarrier16@ocn.ne.jp,12/3/2023,2/2/2024
44,Teri Spurden,658-333-4801,tspurden17@berkeley.edu,10/4/2023,2/4/2024
45,Marris Hendriks,945-590-5103,mhendriks18@yellowpages.com,10/7/2023,8/8/2024
46,Lane Wardall,885-843-9076,lwardall19@tmall.com,12/4/2023,10/11/2024
47,Yurik Donaghie,523-514-5885,ydonaghie1a@patch.com,11/10/2023,5/12/2024
48,Roseann Bispo,767-687-6070,rbispo1b@cnbc.com,10/3/2023,9/18/2024
49,Sherline Tomkin,169-145-3170,stomkin1c@bloglovin.com,11/18/2023,10/28/2024
50,Ernaline McCurdy,100-851-3274,emccurdy1d@bing.com,12/3/2023,11/4/2024
51,Moria Trencher,407-480-8725,mtrencher1e@vk.com,12/7/2023,6/17/2024
52,Jacinta Fellenor,361-641-6754,jfellenor1f@hhs.gov,12/9/2023,4/20/2024
53,Devin Czaja,687-485-1332,dczaja1g@bandcamp.com,11/11/2023,1/16/2024
54,Breanne Waymont,180-412-6187,bwaymont1h@histats.com,10/10/2023,4/4/2024
55,Norry Verecker,633-922-5263,nverecker1i@hud.gov,11/30/2023,10/10/2024
56,Chelsy Meadowcraft,393-171-8779,cmeadowcraft1j@people.com.cn,11/8/2023,3/17/2024
57,Major Yakovl,972-680-9615,myakovl1k@vk.com,10/29/2023,3/28/2024
58,Brynna Hambling,808-499-4182,bhambling1l@youtu.be,11/24/2023,8/27/2024
59,Gusty Minnette,738-317-9802,gminnette1m@sun.com,11/15/2023,6/8/2024
60,Cinda Elven,620-262-8176,celven1n@howstuffworks.com,11/25/2023,4/24/2024
61,Hilde Balham,363-744-8783,hbalham1o@ted.com,11/8/2023,3/6/2024
62,Obie Seville,768-834-5841,oseville1p@netscape.com,12/10/2023,3/26/2024
63,Nobe Labone,919-236-4287,nlabone1q@privacy.gov.au,11/13/2023,5/26/2024
64,Lothaire Tithecote,247-856-8268,ltithecote1r@house.gov,12/11/2023,3/24/2024
65,Raphaela Goom,159-802-7038,rgoom1s@scientificamerican.com,11/2/2023,9/20/2024
66,Penny Laise,591-829-8232,plaise1t@craigslist.org,10/31/2023,9/8/2024
67,Rheta Tallow,183-776-3272,rtallow1u@newyorker.com,10/23/2023,8/31/2024
68,Matilde Duro,428-556-6210,mduro1v@squidoo.com,10/22/2023,10/10/2024
69,Kaitlynn Amerighi,520-203-3321,kamerighi1w@google.com.hk,10/11/2023,4/25/2024
70,Danya Antoniou,704-596-1900,dantoniou1x@hud.gov,11/30/2023,3/30/2024
71,Maggie Eyton,369-363-1025,meyton1y@google.es,11/30/2023,9/22/2024
72,Kristyn Filyushkin,785-464-6428,kfilyushkin1z@mapquest.com,11/6/2023,3/21/2024
73,Janna Ladson,562-496-1070,jladson20@e-recht24.de,11/27/2023,11/21/2024
74,Claudian Bartocci,677-128-2783,cbartocci21@google.pl,10/30/2023,8/24/2024
75,Mauricio Attyeo,975-746-5909,mattyeo22@sitemeter.com,11/20/2023,10/8/2024
76,Stanislaus Arnull,523-597-8180,sarnull23@myspace.com,11/2/2023,6/12/2024
77,Berky Bithell,514-255-6327,bbithell24@purevolume.com,12/2/2023,2/24/2024
78,Dar Bickers,184-514-8730,dbickers25@ibm.com,10/8/2023,2/10/2024
79,Karina Slemming,862-396-5064,kslemming26@eepurl.com,11/13/2023,1/18/2024
80,Mercedes Suttaby,282-509-6795,msuttaby27@apple.com,10/18/2023,10/9/2024
81,Sabrina Halfhide,618-258-6418,shalfhide28@hc360.com,11/7/2023,3/27/2024
82,Nichol Cloughton,285-139-6902,ncloughton29@vk.com,10/26/2023,5/28/2024
83,Jesus Shelton,804-895-7713,jshelton2a@virginia.edu,10/21/2023,4/4/2024
84,Brennan Pace,166-858-1542,bpace2b@hc360.com,10/18/2023,3/15/2024
85,Coop Puve,680-515-8127,cpuve2c@google.nl,11/12/2023,5/9/2024
86,Rodrigo Croose,947-799-8285,rcroose2d@apache.org,10/4/2023,10/18/2024
87,Anatollo Bowman,319-327-1166,abowman2e@java.com,11/9/2023,3/5/2024
88,Deana Schuricke,488-697-8645,dschuricke2f@springer.com,11/1/2023,8/10/2024
89,Lane Tippetts,241-136-1882,ltippetts2g@google.com.br,12/3/2023,9/5/2024
90,Sawyere Coniff,825-355-1940,sconiff2h@exblog.jp,10/8/2023,6/24/2024
91,Marlee Worgen,346-753-7292,mworgen2i@si.edu,11/3/2023,9/7/2024
92,Mychal Mardle,708-788-6151,mmardle2j@github.io,10/3/2023,1/21/2024
93,Betti Masserel,559-465-0406,bmasserel2k@cnn.com,10/12/2023,9/10/2024
94,Alana Hawkey,221-718-6674,ahawkey2l@apple.com,12/12/2023,1/18/2024
95,Frederica Geratasch,466-700-5059,fgeratasch2m@list-manage.com,11/27/2023,9/1/2024
96,Whitby Corteis,992-815-4673,wcorteis2n@thetimes.co.uk,12/7/2023,5/20/2024
97,Aimil Banat,897-301-4577,abanat2o@mac.com,11/18/2023,4/19/2024
98,Rosy Lindstrom,525-461-0278,rlindstrom2p@ca.gov,10/25/2023,2/18/2024
99,Ramon Lapidus,183-316-1729,rlapidus2q@apache.org,10/17/2023,12/2/2024
100,Shelli Fidgeon,141-445-0055,sfidgeon2r@nydailynews.com,11/11/2023,7/9/2024
101,Catina Nutley,284-486-5261,cnutley2s@goo.ne.jp,10/19/2023,1/15/2024
102,Rikki Gearty,439-297-8636,rgearty2t@craigslist.org,11/5/2023,4/30/2024
103,Jeane Burnie,234-144-2778,jburnie2u@livejournal.com,10/30/2023,10/27/2024
104,Garth Lecky,670-883-5498,glecky2v@ifeng.com,10/21/2023,6/25/2024
105,Port Satterlee,910-855-5876,psatterlee2w@msu.edu,11/21/2023,7/25/2024
106,Nerty Hallaways,678-532-6886,nhallaways2x@wsj.com,10/3/2023,11/26/2024
107,Ad Peebles,442-219-4899,apeebles2y@liveinternet.ru,11/26/2023,3/28/2024
108,Thorvald Phebee,262-375-2075,tphebee2z@youku.com,10/17/2023,2/11/2024
109,Kristoffer Mollen,959-873-7498,kmollen30@squarespace.com,10/14/2023,8/18/2024
110,Wilt Harlett,277-430-7263,wharlett31@taobao.com,12/5/2023,9/8/2024
111,Jdavie Jubert,264-600-7436,jjubert32@ifeng.com,10/14/2023,3/8/2024
112,Lorena Menilove,199-983-2757,lmenilove33@joomla.org,10/7/2023,9/27/2024
113,Jarred Larkins,365-314-0184,jlarkins34@hc360.com,11/2/2023,1/26/2024
114,Trudie Farfoot,227-375-9478,tfarfoot35@reference.com,12/6/2023,6/16/2024
115,Allen Morant,243-972-6440,amorant36@free.fr,10/12/2023,7/3/2024
116,Clarabelle Ricardin,140-498-9664,cricardin37@yolasite.com,10/30/2023,3/21/2024
117,Quintus Ramme,862-665-2266,qramme38@hostgator.com,11/14/2023,2/11/2024
118,Shaw Eiler,243-754-7188,seiler39@4shared.com,10/23/2023,6/6/2024
119,Corilla Petworth,290-790-0966,cpetworth3a@deviantart.com,10/3/2023,12/6/2024
120,Caprice Volke,249-738-4295,cvolke3b@newyorker.com,11/5/2023,10/9/2024
121,Auguste Tomkowicz,230-648-7265,atomkowicz3c@home.pl,10/8/2023,11/8/2024
122,Thain Balducci,541-872-9410,tbalducci3d@blogs.com,11/13/2023,3/15/2024
123,Clarinda Kyrkeman,460-624-7924,ckyrkeman3e@rediff.com,10/24/2023,6/7/2024
124,Vince Dmych,792-472-7417,vdmych3f@reference.com,11/23/2023,11/15/2024
125,Phillip Nicely,301-134-6102,pnicely3g@bing.com,11/29/2023,1/22/2024
126,Merrili Naseby,322-677-0807,mnaseby3h@i2i.jp,11/11/2023,9/29/2024
127,Katya Boggers,663-713-6083,kboggers3i@list-manage.com,10/23/2023,12/8/2024
128,Hertha Seel,587-752-2926,hseel3j@ucoz.ru,11/19/2023,4/24/2024
129,Micaela Mouget,691-914-2804,mmouget3k@privacy.gov.au,10/10/2023,11/25/2024
130,Adel Leipoldt,379-831-2787,aleipoldt3l@amazon.co.jp,12/12/2023,7/30/2024
131,Abbie Ritchie,868-909-7886,aritchie3m@vinaora.com,10/20/2023,4/26/2024
132,Amandi Mortimer,847-578-0675,amortimer3n@home.pl,12/1/2023,8/25/2024
133,Valentino Gunbie,215-207-9014,vgunbie3o@mail.ru,12/9/2023,4/3/2024
134,Gustaf Minget,299-399-4450,gminget3p@blogtalkradio.com,12/12/2023,3/21/2024
135,Benjy Faulds,507-186-6343,bfaulds3q@virginia.edu,10/20/2023,3/23/2024
136,Carmelle Inkles,835-408-1873,cinkles3r@usnews.com,11/19/2023,9/20/2024
137,Arley Stoddart,687-354-3839,astoddart3s@guardian.co.uk,10/30/2023,12/16/2024
138,Chico Beautyman,349-154-9659,cbeautyman3t@xing.com,11/4/2023,6/21/2024
139,Lanie Yellowlee,843-600-4145,lyellowlee3u@hp.com,11/5/2023,4/24/2024
140,Jobi Dominicacci,746-792-5039,jdominicacci3v@friendfeed.com,10/17/2023,6/15/2024
141,Joell De Few,320-981-7421,jde3w@ox.ac.uk,12/12/2023,8/11/2024
142,Etheline Clewarth,937-397-0903,eclewarth3x@plala.or.jp,10/8/2023,8/19/2024
143,Eryn Griggs,574-778-2780,egriggs3y@alexa.com,11/25/2023,1/11/2024
144,Mel Durran,598-242-9283,mdurran3z@narod.ru,10/3/2023,10/13/2024
145,Alfred Leon,772-203-3098,aleon40@cafepress.com,10/21/2023,11/30/2024
146,Artus Siegertsz,531-683-4215,asiegertsz41@japanpost.jp,10/22/2023,12/17/2024
147,Marney Ranken,114-850-5768,mranken42@reddit.com,12/2/2023,8/18/2024
148,Hermy Bowyer,245-347-6756,hbowyer43@cyberchimps.com,10/9/2023,7/28/2024
149,Sayers Wanden,674-117-7155,swanden44@aol.com,11/28/2023,7/17/2024
150,Dunstan Raitie,928-983-2443,draitie45@blogtalkradio.com,11/17/2023,1/8/2024
151,Cesaro Silk,119-294-6441,csilk46@latimes.com,11/22/2023,5/17/2024
152,Caldwell Brockest,330-549-2732,cbrockest47@nydailynews.com,10/13/2023,9/29/2024
153,Molli Revel,649-332-6330,mrevel48@paginegialle.it,11/11/2023,12/8/2024
154,Julita Margett,327-581-0275,jmargett49@sourceforge.net,10/26/2023,11/13/2024
155,Cari Allsobrook,677-654-4982,callsobrook4a@sun.com,10/6/2023,8/6/2024
156,Darda Logsdail,270-489-9865,dlogsdail4b@netvibes.com,11/24/2023,9/1/2024
157,Susanetta Sparrowe,523-412-3898,ssparrowe4c@list-manage.com,10/18/2023,4/3/2024
158,Jocelyne Darter,596-382-4880,jdarter4d@rediff.com,10/22/2023,6/22/2024
159,Alicia Faltskog,832-248-8074,afaltskog4e@networkadvertising.org,11/3/2023,6/19/2024
160,Stanleigh Duckit,675-144-5726,sduckit4f@opensource.org,10/30/2023,5/11/2024
161,Fern Frid,201-167-2461,ffrid4g@mail.ru,10/20/2023,10/2/2024
162,Odilia Grahl,155-896-6556,ograhl4h@china.com.cn,10/10/2023,1/2/2024
163,Curcio Drexel,859-881-1758,cdrexel4i@reddit.com,10/22/2023,8/7/2024
164,Felipe Heck,188-374-3755,fheck4j@google.de,12/9/2023,12/5/2024
165,Anders Stivey,124-611-6179,astivey4k@topsy.com,12/8/2023,7/21/2024
166,Angie Taberer,239-750-3085,ataberer4l@newsvine.com,10/15/2023,12/7/2024
167,Clayton Garfoot,654-238-1688,cgarfoot4m@google.de,12/10/2023,3/2/2024
168,Agatha Zeale,348-126-7303,azeale4n@techcrunch.com,10/13/2023,1/23/2024
169,Roosevelt Cicchelli,140-395-1937,rcicchelli4o@yelp.com,11/22/2023,8/11/2024
170,Brigit Russam,988-953-4790,brussam4p@free.fr,11/26/2023,5/16/2024
171,Engelbert Gass,100-865-4721,egass4q@weibo.com,11/5/2023,6/11/2024
172,Rooney Feldbau,761-469-1052,rfeldbau4r@prnewswire.com,11/2/2023,4/17/2024
173,Tierney Tothacot,572-345-8367,ttothacot4s@over-blog.com,10/21/2023,12/18/2024
174,Barry Treffry,950-765-4280,btreffry4t@buzzfeed.com,11/22/2023,4/20/2024
175,Nikolai Tanslie,769-259-4461,ntanslie4u@github.io,12/13/2023,2/25/2024
176,Fremont O'Harney,559-444-8864,foharney4v@soundcloud.com,10/10/2023,4/23/2024
177,Amalita Wankel,610-108-4924,awankel4w@yelp.com,11/6/2023,12/15/2024
178,Hildagard Stranaghan,832-270-5669,hstranaghan4x@shinystat.com,11/1/2023,1/3/2024
179,Colet Knowles,829-743-2681,cknowles4y@booking.com,11/6/2023,10/28/2024
180,Oren Richold,419-228-7022,orichold4z@slideshare.net,11/12/2023,11/5/2024
181,Shanon Sexcey,611-572-2320,ssexcey50@admin.ch,10/30/2023,8/10/2024
182,Sutherlan Christescu,680-868-3150,schristescu51@addthis.com,11/3/2023,11/20/2024
183,Gayel Charrier,369-221-6316,gcharrier52@columbia.edu,10/3/2023,8/23/2024
184,Amara Dudlestone,953-784-2155,adudlestone53@microsoft.com,11/22/2023,5/3/2024
185,Filberte Ragdale,482-798-5294,fragdale54@blinklist.com,12/8/2023,10/15/2024
186,Dene Mattei,524-158-0674,dmattei55@wikispaces.com,11/6/2023,7/11/2024
187,Pooh Fishpond,288-762-0160,pfishpond56@seesaa.net,10/3/2023,10/1/2024
188,Steffie Dury,918-106-2452,sdury57@instagram.com,10/22/2023,8/13/2024
189,Bondon Hritzko,880-419-6941,bhritzko58@imdb.com,11/24/2023,10/20/2024
190,Ebonee Walton,883-406-5242,ewalton59@blogger.com,10/27/2023,6/30/2024
191,Arden Gaitung,805-406-8602,agaitung5a@blogs.com,10/22/2023,3/13/2024
192,Kalil Strelitzer,651-181-2824,kstrelitzer5b@slate.com,10/8/2023,7/22/2024
193,Emmanuel Densell,793-974-1894,edensell5c@1und1.de,11/5/2023,10/21/2024
194,Barris Barnby,445-651-2638,bbarnby5d@barnesandnoble.com,11/14/2023,5/4/2024
195,Helene Urey,489-602-9371,hurey5e@amazon.co.jp,11/28/2023,11/26/2024
196,Jacinta Giacopello,854-523-6070,jgiacopello5f@photobucket.com,10/6/2023,7/4/2024
197,Ardyce Fulloway,180-703-4223,afulloway5g@woothemes.com,11/9/2023,8/25/2024
198,Douglas Micka,974-273-5747,dmicka5h@ebay.co.uk,11/18/2023,5/25/2024
199,Agathe Salzen,141-359-4709,asalzen5i@webeden.co.uk,10/28/2023,2/11/2024
200,Ilyse Adess,967-561-0036,iadess5j@dmoz.org,12/6/2023,2/27/2024
201,Waly Brack,574-503-7279,wbrack5k@odnoklassniki.ru,11/17/2023,3/1/2024
202,Kaycee Sharpling,255-479-3448,ksharpling5l@fda.gov,10/27/2023,5/4/2024
203,Daryle Moncrieffe,101-428-2211,dmoncrieffe5m@list-manage.com,11/22/2023,2/20/2024
204,Nikita Plaschke,501-731-3166,nplaschke5n@vinaora.com,10/21/2023,5/9/2024
205,Murial Spoure,975-209-2362,mspoure5o@java.com,11/19/2023,1/1/2024
206,Zachary Burree,375-421-0395,zburree5p@irs.gov,11/26/2023,3/2/2024
207,Mackenzie Biasotti,742-898-3484,mbiasotti5q@scientificamerican.com,10/9/2023,9/3/2024
208,Tressa Addicote,696-984-6384,taddicote5r@icio.us,10/16/2023,1/1/2024
209,Rhett Axten,183-343-9549,raxten5s@macromedia.com,12/6/2023,2/2/2024
210,Enoch Brunesco,985-726-6091,ebrunesco5t@webnode.com,11/17/2023,11/5/2024
211,Brandea Shearer,492-333-7245,bshearer5u@usa.gov,12/5/2023,7/25/2024
212,Ceil Brace,886-375-8211,cbrace5v@dailymotion.com,10/23/2023,10/26/2024
213,Windy Annell,788-119-9260,wannell5w@delicious.com,10/28/2023,8/24/2024
214,Garv Grob,305-957-3363,ggrob5x@bluehost.com,10/16/2023,9/11/2024
215,Levi Baldocci,152-910-6772,lbaldocci5y@illinois.edu,12/2/2023,7/1/2024
216,Inez Dykas,816-757-3336,idykas5z@merriam-webster.com,11/12/2023,11/18/2024
217,Anselma Cluse,520-628-1038,acluse60@google.com.au,11/12/2023,8/15/2024
218,Claudina Salterne,668-594-1378,csalterne61@dion.ne.jp,10/14/2023,2/14/2024
219,Sammie Dowyer,985-717-9868,sdowyer62@linkedin.com,12/7/2023,4/28/2024
220,Cecil Henker,537-467-1579,chenker63@ted.com,11/10/2023,11/29/2024
221,Vivianna Blennerhassett,653-489-2880,vblennerhassett64@bbb.org,11/29/2023,11/4/2024
222,Dyana Eisold,347-802-2337,deisold65@slate.com,11/26/2023,11/30/2024
223,Leesa Nansom,718-248-7028,lnansom66@nyu.edu,11/5/2023,9/22/2024
224,Billie Biss,994-343-2772,bbiss67@eventbrite.com,12/3/2023,9/25/2024
225,Roda Ranahan,813-221-2755,rranahan68@irs.gov,11/13/2023,4/15/2024
226,Teena Try,278-605-5287,ttry69@printfriendly.com,12/1/2023,3/11/2024
227,Cacilia Wearden,989-249-0559,cwearden6a@tripod.com,12/7/2023,11/6/2024
228,Pierson Francie,331-260-1319,pfrancie6b@hao123.com,11/8/2023,12/15/2024
229,Felizio Drains,962-496-0801,fdrains6c@taobao.com,11/4/2023,1/21/2024
230,Del Follan,430-562-8531,dfollan6d@arstechnica.com,10/11/2023,4/20/2024
231,Christian Akitt,473-581-5091,cakitt6e@unc.edu,11/15/2023,10/12/2024
232,Brody Lornsen,163-913-6871,blornsen6f@creativecommons.org,10/16/2023,2/19/2024
233,Mitchel Adlard,781-843-1122,madlard6g@lycos.com,11/11/2023,7/4/2024
234,Wilt Keesman,115-119-4609,wkeesman6h@163.com,12/1/2023,10/25/2024
235,Vitia Kezourec,933-468-8180,vkezourec6i@businesswire.com,11/21/2023,8/7/2024
236,Barth Hamberston,825-365-7554,bhamberston6j@last.fm,12/13/2023,7/11/2024
237,Rhodia Nehls,807-673-0152,rnehls6k@techcrunch.com,11/12/2023,9/7/2024
238,Justus Teggart,965-916-7059,jteggart6l@homestead.com,11/14/2023,9/4/2024
239,Heall Folker,840-335-4582,hfolker6m@so-net.ne.jp,10/18/2023,4/23/2024
240,Stanislas Gallaher,969-161-0434,sgallaher6n@yellowbook.com,12/4/2023,4/6/2024
241,Gerrie Braben,753-488-5473,gbraben6o@ebay.com,10/14/2023,9/7/2024
242,Latrena Carsberg,996-247-2842,lcarsberg6p@imageshack.us,11/30/2023,6/27/2024
243,Kain Cow,972-469-0902,kcow6q@mysql.com,11/11/2023,4/2/2024
244,Tyne Sarah,470-927-2615,tsarah6r@sogou.com,11/12/2023,8/7/2024
245,Gamaliel Aspenlon,113-667-8621,gaspenlon6s@dedecms.com,11/2/2023,10/6/2024
246,Theo Midlar,678-150-6610,tmidlar6t@yahoo.co.jp,12/3/2023,1/8/2024
247,Tim Jillings,903-151-0869,tjillings6u@exblog.jp,12/4/2023,9/2/2024
248,Auberon Elcoat,916-584-5037,aelcoat6v@prnewswire.com,11/5/2023,12/13/2024
249,Oren Preddle,545-278-9791,opreddle6w@themeforest.net,10/8/2023,9/10/2024
250,Dewey Stiegar,407-682-3154,dstiegar6x@telegraph.co.uk,11/15/2023,2/25/2024
251,Cozmo Farquhar,128-947-5822,cfarquhar6y@alibaba.com,10/13/2023,8/28/2024
252,Horacio Whopples,761-794-3947,hwhopples6z@ucsd.edu,10/19/2023,11/8/2024
253,Jenni Clines,339-673-7248,jclines70@mozilla.com,10/29/2023,12/16/2024
254,Oates Whitfeld,922-527-5596,owhitfeld71@cargocollective.com,10/30/2023,11/10/2024
255,Roana Duggon,739-423-2447,rduggon72@amazon.com,11/20/2023,6/30/2024
256,Aurore Poyntz,262-873-6222,apoyntz73@stanford.edu,11/12/2023,7/2/2024
257,Derby Minihan,413-512-5107,dminihan74@myspace.com,12/6/2023,10/2/2024
258,Hanna Sherrott,341-103-9996,hsherrott75@stumbleupon.com,11/19/2023,9/29/2024
259,Francoise McKimmie,433-220-7250,fmckimmie76@pinterest.com,10/12/2023,4/14/2024
260,Anthiathia Bellamy,822-844-8956,abellamy77@ucla.edu,11/22/2023,5/19/2024
261,Marnia Penas,772-182-5622,mpenas78@howstuffworks.com,11/20/2023,8/14/2024
262,Dov Opdenorth,123-729-4424,dopdenorth79@examiner.com,12/6/2023,5/10/2024
263,Westleigh Houndson,584-341-3893,whoundson7a@netscape.com,10/24/2023,1/17/2024
264,Willdon Lilian,802-218-0392,wlilian7b@imageshack.us,11/6/2023,11/19/2024
265,Clementine Gainor,259-691-0577,cgainor7c@mlb.com,10/3/2023,6/3/2024
266,Walther Chiene,707-716-6884,wchiene7d@shutterfly.com,10/19/2023,7/17/2024
267,Blake Jordine,472-516-9135,bjordine7e@weather.com,11/3/2023,4/25/2024
268,Barthel De Goey,841-118-5703,bde7f@angelfire.com,11/13/2023,8/31/2024
269,Shelagh Brittoner,361-363-0897,sbrittoner7g@gnu.org,10/26/2023,5/6/2024
270,Vail Dunthorn,802-999-8287,vdunthorn7h@amazon.de,10/21/2023,8/17/2024
271,Christian Ciccottio,672-589-5531,cciccottio7i@smh.com.au,11/15/2023,7/22/2024
272,Elijah Braganza,977-240-8181,ebraganza7j@wired.com,10/10/2023,7/2/2024
273,Twyla Dightham,489-121-3146,tdightham7k@geocities.com,11/19/2023,10/7/2024
274,Bonnibelle Drynan,975-630-0306,bdrynan7l@walmart.com,10/8/2023,1/9/2024
275,Sissy Gibberd,984-754-2687,sgibberd7m@studiopress.com,10/21/2023,11/21/2024
276,Jenni Sherrin,246-506-3709,jsherrin7n@oaic.gov.au,10/23/2023,3/31/2024
277,Darby Skaid,797-557-7022,dskaid7o@icq.com,11/24/2023,8/27/2024
278,Bernhard Bakes,457-362-5044,bbakes7p@yahoo.co.jp,10/24/2023,6/23/2024
279,Davita Varker,994-421-6381,dvarker7q@nymag.com,11/10/2023,1/24/2024
280,Daisy Ochterlony,349-677-3718,dochterlony7r@jugem.jp,12/7/2023,6/6/2024
281,Noble Ponsford,981-614-8245,nponsford7s@hugedomains.com,10/1/2023,11/25/2024
282,Wini Gorring,941-212-0569,wgorring7t@blogtalkradio.com,11/8/2023,5/28/2024
283,Cedric Drinkel,280-914-3083,cdrinkel7u@phpbb.com,10/16/2023,10/4/2024
284,Georas Filoniere,298-652-8659,gfiloniere7v@fda.gov,12/6/2023,1/26/2024
285,Parrnell Ravenscraft,382-538-8309,pravenscraft7w@epa.gov,10/9/2023,8/11/2024
286,Trish Di Filippo,631-833-6466,tdi7x@home.pl,10/25/2023,12/14/2024
287,Ronalda Posten,475-300-0210,rposten7y@umn.edu,11/11/2023,10/1/2024
288,Gussy Culross,829-699-8948,gculross7z@cpanel.net,10/14/2023,4/23/2024
289,Gene Ricket,609-617-6240,gricket80@seesaa.net,10/14/2023,3/12/2024
290,Marcellus Mably,432-244-0724,mmably81@eepurl.com,10/29/2023,11/15/2024
291,Barbra Ladley,760-809-9110,bladley82@ebay.co.uk,10/31/2023,10/22/2024
292,Min Lorkins,173-623-6952,mlorkins83@scientificamerican.com,10/27/2023,10/29/2024
293,Dennie Marris,752-592-2313,dmarris84@addtoany.com,11/18/2023,9/18/2024
294,Mathilda Barney,831-971-1708,mbarney85@addthis.com,10/16/2023,12/17/2024
295,Jackelyn Valentetti,300-283-8465,jvalentetti86@nytimes.com,12/8/2023,1/4/2024
296,Philippe MacIntyre,185-160-8390,pmacintyre87@altervista.org,10/24/2023,7/18/2024
297,Brigitta Rosenkranc,144-665-9596,brosenkranc88@ihg.com,10/5/2023,9/29/2024
298,Berthe Rishbrook,475-561-0291,brishbrook89@plala.or.jp,10/25/2023,8/13/2024
299,Edan Draper,778-361-6488,edraper8a@woothemes.com,12/2/2023,1/1/2024
300,Werner Mechem,660-845-4693,wmechem8b@nih.gov,10/21/2023,7/9/2024
301,Verena Tapply,710-162-6201,vtapply8c@lycos.com,10/18/2023,7/20/2024
302,Verena Fleet,556-929-8360,vfleet8d@zimbio.com,10/16/2023,11/1/2024
303,Alicea Halle,629-396-8628,ahalle8e@soundcloud.com,11/19/2023,7/6/2024
304,Vitia Skylett,253-577-8259,vskylett8f@wunderground.com,10/15/2023,8/1/2024
305,Monte Skrzynski,155-116-0144,mskrzynski8g@live.com,11/27/2023,2/13/2024
306,Claire Haselhurst,601-483-3055,chaselhurst8h@bloglovin.com,10/19/2023,6/21/2024
307,Amelie Clackson,842-211-9889,aclackson8i@bloglovin.com,10/14/2023,5/30/2024
308,Ogdan Bracci,764-455-3164,obracci8j@nps.gov,11/3/2023,2/27/2024
309,Cammy Saltrese,678-868-1424,csaltrese8k@pen.io,10/18/2023,8/3/2024
310,Merrili Moro,116-473-3194,mmoro8l@163.com,11/15/2023,4/6/2024
311,Hadleigh Tunnicliffe,523-704-6484,htunnicliffe8m@who.int,10/1/2023,8/6/2024
312,Astra Stronghill,813-548-9486,astronghill8n@baidu.com,11/10/2023,7/17/2024
313,Marlo McQuie,273-608-5774,mmcquie8o@baidu.com,10/27/2023,1/30/2024
314,Carlee Cownden,220-980-5417,ccownden8p@ucoz.ru,11/28/2023,5/2/2024
315,Tessa Philipsen,253-639-6311,tphilipsen8q@mayoclinic.com,12/10/2023,9/10/2024
316,Edin Weiner,758-421-2471,eweiner8r@china.com.cn,11/4/2023,8/27/2024
317,Gwyneth Korejs,197-275-1118,gkorejs8s@printfriendly.com,10/21/2023,8/4/2024
318,Faith Sumption,960-849-1060,fsumption8t@ebay.co.uk,12/1/2023,7/17/2024
319,Blanch Polding,814-536-1396,bpolding8u@amazon.com,11/19/2023,7/24/2024
320,Lucilia Halburton,808-954-9467,lhalburton8v@mtv.com,12/4/2023,3/1/2024
321,Michele Cobbold,757-336-9908,mcobbold8w@hud.gov,10/9/2023,5/24/2024
322,Beck MacMeanma,564-730-2610,bmacmeanma8x@spotify.com,10/31/2023,2/12/2024
323,Aime Corbally,916-439-6289,acorbally8y@uiuc.edu,10/27/2023,9/17/2024
324,Ced Albasini,700-567-4125,calbasini8z@sfgate.com,11/15/2023,2/24/2024
325,Ruthe Holsey,555-115-0542,rholsey90@latimes.com,12/13/2023,6/25/2024
326,Grenville Nary,358-617-6684,gnary91@usgs.gov,10/19/2023,2/25/2024
327,Janaya Menicomb,318-134-9548,jmenicomb92@comsenz.com,10/1/2023,6/14/2024
328,Aloysius Dani,391-898-0093,adani93@vistaprint.com,10/17/2023,2/19/2024
329,Gianna Vaun,916-680-5253,gvaun94@fc2.com,10/27/2023,6/7/2024
330,Tess Shildrake,612-678-6292,tshildrake95@google.es,10/3/2023,11/14/2024
331,Hayward Romera,232-610-4074,hromera96@latimes.com,10/14/2023,10/19/2024
332,Annabel Olczyk,889-486-6685,aolczyk97@plala.or.jp,10/5/2023,11/13/2024
333,Hi Milillo,490-811-3548,hmilillo98@usnews.com,10/15/2023,11/7/2024
334,Brendin Navarro,537-754-2165,bnavarro99@privacy.gov.au,10/21/2023,4/4/2024
335,Justinn MacGiolla Pheadair,481-205-1587,jmacgiolla9a@blinklist.com,11/9/2023,3/8/2024
336,Tannie Ingamells,891-323-3177,tingamells9b@spiegel.de,10/4/2023,6/21/2024
337,Keslie Rubes,729-137-3885,krubes9c@microsoft.com,11/20/2023,1/13/2024
338,Reynold Parrington,219-441-2992,rparrington9d@gnu.org,12/12/2023,4/25/2024
339,Krisha Beedom,877-512-0401,kbeedom9e@ameblo.jp,11/8/2023,10/22/2024
340,Angus Kitchinham,227-844-6006,akitchinham9f@icio.us,12/13/2023,6/28/2024
341,Enrichetta Huddart,623-899-1193,ehuddart9g@cpanel.net,10/20/2023,9/16/2024
342,Marlane Lamburn,284-460-1162,mlamburn9h@wp.com,11/18/2023,3/25/2024
343,Kylynn Cherry Holme,638-443-1137,kcherry9i@geocities.jp,11/8/2023,11/25/2024
344,Peterus Winkett,722-629-1320,pwinkett9j@buzzfeed.com,10/23/2023,3/11/2024
345,Lil Dackombe,168-750-8263,ldackombe9k@redcross.org,12/10/2023,2/5/2024
346,Rosco Bleasdale,287-149-5719,rbleasdale9l@tmall.com,11/4/2023,6/21/2024
347,Constance MacMychem,843-320-0989,cmacmychem9m@mozilla.org,10/10/2023,1/29/2024
348,Saree Antonutti,396-826-8159,santonutti9n@hostgator.com,10/24/2023,9/25/2024
349,Granger Delgadillo,980-799-2107,gdelgadillo9o@wunderground.com,11/14/2023,4/26/2024
350,Chanda Pedican,457-439-0034,cpedican9p@mysql.com,10/4/2023,5/5/2024
351,Jordana Langcastle,377-593-2066,jlangcastle9q@pbs.org,10/11/2023,8/2/2024
352,Yoshi Daintith,541-317-6809,ydaintith9r@discovery.com,12/5/2023,11/24/2024
353,Garik Clout,247-783-8731,gclout9s@sourceforge.net,11/6/2023,8/8/2024
354,Alexina Sutworth,658-509-5706,asutworth9t@cdbaby.com,11/22/2023,8/20/2024
355,Darcy Kidd,472-891-6042,dkidd9u@illinois.edu,11/10/2023,10/30/2024
356,Wendy McMullen,418-648-7929,wmcmullen9v@so-net.ne.jp,11/23/2023,11/25/2024
357,Cathryn Plumbley,956-623-0178,cplumbley9w@51.la,11/5/2023,9/6/2024
358,Annmaria McGoogan,594-503-4851,amcgoogan9x@storify.com,10/19/2023,7/27/2024
359,Jaquith Tiddy,730-506-9962,jtiddy9y@vistaprint.com,10/22/2023,7/27/2024
360,Rudy Simper,776-558-7583,rsimper9z@cyberchimps.com,10/30/2023,8/19/2024
361,Tobin Startin,284-146-7742,tstartina0@flickr.com,12/13/2023,3/6/2024
362,Willabella Nitti,522-374-8104,wnittia1@berkeley.edu,12/12/2023,1/23/2024
363,Hadley Iozefovich,727-605-2961,hiozefovicha2@eepurl.com,11/10/2023,1/2/2024
364,Lettie Bortolomei,147-511-7551,lbortolomeia3@ning.com,10/9/2023,2/18/2024
365,Reeba Scowcraft,688-636-4257,rscowcrafta4@ibm.com,11/23/2023,2/20/2024
366,Crysta Hayden,983-316-5121,chaydena5@marketwatch.com,10/18/2023,7/10/2024
367,Mayer Abeles,164-906-7520,mabelesa6@deliciousdays.com,11/15/2023,3/3/2024
368,Selby Josephson,153-504-3957,sjosephsona7@csmonitor.com,10/1/2023,4/11/2024
369,Catherin Haddeston,711-968-5117,chaddestona8@github.com,11/2/2023,8/3/2024
370,Candida Verdy,377-212-5047,cverdya9@nydailynews.com,11/27/2023,10/26/2024
371,Reggie Marskell,510-617-7196,rmarskellaa@fastcompany.com,12/3/2023,6/15/2024
372,Cynde Selbach,675-124-4381,cselbachab@buzzfeed.com,10/23/2023,3/19/2024
373,Rivi Sexcey,319-358-3569,rsexceyac@fda.gov,11/28/2023,6/7/2024
374,Fey Pollack,513-482-5454,fpollackad@reverbnation.com,10/3/2023,9/21/2024
375,Brynn Miguel,309-477-5965,bmiguelae@cbslocal.com,10/17/2023,7/31/2024
376,Daloris Sciacovelli,266-930-3266,dsciacovelliaf@skype.com,10/11/2023,2/11/2024
377,Virginie Mixon,211-718-2757,vmixonag@macromedia.com,10/23/2023,2/17/2024
378,Bridie Gillie,746-939-5134,bgillieah@privacy.gov.au,10/12/2023,10/1/2024
379,Kaye Baudacci,462-670-5213,kbaudacciai@goo.ne.jp,11/9/2023,11/3/2024
380,Theo Forsdyke,383-781-5236,tforsdykeaj@imdb.com,10/3/2023,4/26/2024
381,Mel Chudleigh,881-670-1629,mchudleighak@loc.gov,10/23/2023,11/2/2024
382,Munmro McIlory,498-706-0636,mmciloryal@soundcloud.com,11/26/2023,1/20/2024
383,La verne Symondson,396-513-7235,lverneam@smh.com.au,11/10/2023,2/9/2024
384,Theodor Casassa,776-644-8507,tcasassaan@alexa.com,11/9/2023,10/17/2024
385,Nicholle Ianilli,819-870-0927,nianilliao@stumbleupon.com,11/8/2023,9/20/2024
386,Bar Ambrogio,817-671-2471,bambrogioap@elpais.com,10/26/2023,7/23/2024
387,Blondelle Sallier,908-688-7688,bsallieraq@eventbrite.com,10/17/2023,11/21/2024
388,Nanny Ivashechkin,370-150-0464,nivashechkinar@alexa.com,10/24/2023,11/12/2024
389,Issi Oswal,918-905-5705,ioswalas@hhs.gov,11/28/2023,2/3/2024
390,Clare Shilvock,442-368-2725,cshilvockat@gizmodo.com,10/7/2023,6/26/2024
391,Desmond Freire,510-431-1308,dfreireau@1688.com,11/30/2023,1/3/2024
392,Arv Rubrow,245-662-4244,arubrowav@zimbio.com,10/3/2023,2/13/2024
393,Willis Maurice,321-509-5731,wmauriceaw@twitpic.com,11/29/2023,2/2/2024
394,Diana Cosins,580-644-7674,dcosinsax@time.com,10/6/2023,8/23/2024
395,Alley Rawcliff,243-600-2915,arawcliffay@hostgator.com,10/10/2023,8/1/2024
396,Rogerio Truss,701-652-3417,rtrussaz@freewebs.com,11/21/2023,11/1/2024
397,Verney Norster,493-132-8762,vnorsterb0@networksolutions.com,11/18/2023,3/10/2024
398,Tildy Pickance,241-879-7013,tpickanceb1@reuters.com,11/5/2023,10/21/2024
399,Francoise Syce,670-190-4836,fsyceb2@free.fr,10/20/2023,9/10/2024
400,Virgie Killelay,640-223-2095,vkillelayb3@smugmug.com,11/4/2023,4/28/2024
401,Deane Brunesco,917-947-6602,dbrunescob4@state.gov,12/13/2023,3/20/2024
402,Clerissa Ashtonhurst,953-181-3901,cashtonhurstb5@e-recht24.de,12/3/2023,2/4/2024
403,Nyssa Dumpleton,854-252-4772,ndumpletonb6@ibm.com,10/13/2023,5/23/2024
404,Meredithe Pearch,836-865-0983,mpearchb7@vinaora.com,10/9/2023,2/25/2024
405,Hurleigh Gable,214-811-7988,hgableb8@google.cn,10/2/2023,7/27/2024
406,Gunter Selliman,502-719-5569,gsellimanb9@cbslocal.com,10/26/2023,5/25/2024
407,Rabbi Onyon,760-831-2918,ronyonba@java.com,12/11/2023,4/3/2024
408,Redd Burgum,182-510-3506,rburgumbb@networkadvertising.org,11/4/2023,3/9/2024
409,Steffen Jonk,436-873-4224,sjonkbc@cocolog-nifty.com,10/9/2023,1/5/2024
410,Ruy Steddall,655-879-5952,rsteddallbd@meetup.com,12/12/2023,7/29/2024
411,Libbey Puddephatt,461-791-7329,lpuddephattbe@independent.co.uk,12/9/2023,1/16/2024
412,Urban Copp,959-818-8157,ucoppbf@google.fr,12/1/2023,7/3/2024
413,Nada Cutmore,440-358-0695,ncutmorebg@bluehost.com,11/23/2023,10/26/2024
414,Berty Klink,647-799-1757,bklinkbh@mysql.com,10/11/2023,8/16/2024
415,Bellina Grimolbie,464-627-0034,bgrimolbiebi@hhs.gov,11/6/2023,9/29/2024
416,Steffi Poundsford,355-576-3816,spoundsfordbj@disqus.com,10/3/2023,9/2/2024
417,Horacio Ashenhurst,820-918-7011,hashenhurstbk@huffingtonpost.com,10/26/2023,2/15/2024
418,Gibby Lowis,747-990-0587,glowisbl@goo.ne.jp,11/14/2023,9/2/2024
419,Leah Winman,898-830-5934,lwinmanbm@tinypic.com,11/5/2023,11/3/2024
420,Camilla Cardozo,279-946-0806,ccardozobn@google.nl,11/14/2023,11/7/2024
421,Patience Hobbing,772-961-6204,phobbingbo@so-net.ne.jp,12/13/2023,3/15/2024
422,Isidora Crewther,303-759-3903,icrewtherbp@ibm.com,10/24/2023,7/4/2024
423,Buiron Robert,388-147-4525,brobertbq@dropbox.com,11/6/2023,4/19/2024
424,Emera MacKaile,486-539-9385,emackailebr@delicious.com,10/5/2023,4/11/2024
425,Frederica La Vigne,309-432-7402,flabs@zimbio.com,10/18/2023,3/22/2024
426,Diane-marie Peeters,274-952-6445,dpeetersbt@ft.com,10/10/2023,6/26/2024
427,Ludovico Rankmore,329-890-7547,lrankmorebu@independent.co.uk,11/19/2023,3/11/2024
428,Caty Bloxham,606-439-2550,cbloxhambv@harvard.edu,11/15/2023,2/2/2024
429,Gwyneth Prettyjohn,712-512-5196,gprettyjohnbw@cyberchimps.com,11/2/2023,4/6/2024
430,Georgetta Ellph,952-157-8663,gellphbx@tuttocitta.it,10/4/2023,2/11/2024
431,Vonnie Thurley,206-171-4682,vthurleyby@g.co,10/18/2023,1/22/2024
432,Fayre Esplin,528-253-9426,fesplinbz@pbs.org,12/8/2023,5/25/2024
433,Brew Dyment,906-849-5274,bdymentc0@soup.io,12/2/2023,1/26/2024
434,Clint Insko,966-932-7535,cinskoc1@ftc.gov,11/1/2023,10/7/2024
435,Sheridan Brine,689-528-6422,sbrinec2@smh.com.au,12/5/2023,2/10/2024
436,Saunderson Robson,276-678-2853,srobsonc3@rediff.com,12/5/2023,8/1/2024
437,Helene MacAvaddy,985-225-3179,hmacavaddyc4@google.nl,11/2/2023,8/11/2024
438,Bertha Goodwins,396-214-2044,bgoodwinsc5@webs.com,10/24/2023,3/8/2024
439,Ash Pendrey,173-908-6007,apendreyc6@gmpg.org,12/13/2023,1/17/2024
440,Sibby Milleton,487-778-6248,smilletonc7@soup.io,11/18/2023,10/20/2024
441,Krisha Basey,490-260-6224,kbaseyc8@narod.ru,10/9/2023,2/24/2024
442,Percy Taberer,255-859-8243,ptabererc9@addthis.com,12/6/2023,5/13/2024
443,Quint Bande,283-655-3585,qbandeca@theglobeandmail.com,12/4/2023,7/28/2024
444,Paquito Alentyev,827-169-6519,palentyevcb@people.com.cn,10/9/2023,10/1/2024
445,Myca Glyssanne,647-203-2197,mglyssannecc@elegantthemes.com,11/24/2023,10/21/2024
446,Corbin Najara,411-355-1416,cnajaracd@oakley.com,12/4/2023,3/6/2024
447,Lyndsey Petley,642-243-0127,lpetleyce@wix.com,11/7/2023,8/6/2024
448,Margaret Birtwhistle,923-641-8764,mbirtwhistlecf@foxnews.com,10/26/2023,2/10/2024
449,Jay Lewsey,756-221-8689,jlewseycg@reverbnation.com,10/29/2023,6/12/2024
450,Cecily Hateley,722-769-6469,chateleych@smugmug.com,10/19/2023,2/11/2024
451,Petronella Farnon,955-147-2716,pfarnonci@senate.gov,10/9/2023,4/30/2024
452,Nadia Streeton,637-760-6050,nstreetoncj@alibaba.com,11/12/2023,5/22/2024
453,Georgina Bane,313-913-5599,gbaneck@wisc.edu,11/11/2023,10/16/2024
454,Brit Harwick,343-622-6313,bharwickcl@narod.ru,10/29/2023,11/10/2024
455,Mona D'Aguanno,724-806-0870,mdaguannocm@1und1.de,11/12/2023,11/24/2024
456,Bayard Branford,265-992-4057,bbranfordcn@forbes.com,10/28/2023,7/7/2024
457,Heidi Trayling,419-360-9692,htraylingco@soundcloud.com,10/2/2023,11/9/2024
458,Cos Landes,842-658-1256,clandescp@lycos.com,11/5/2023,10/31/2024
459,Johna Kirk,199-982-7775,jkirkcq@furl.net,10/8/2023,11/7/2024
460,Kizzie Sturridge,119-372-1715,ksturridgecr@yelp.com,11/9/2023,3/8/2024
461,Teressa Grix,379-485-9412,tgrixcs@noaa.gov,11/26/2023,8/16/2024
462,Archibold McLeman,344-797-9347,amclemanct@360.cn,11/10/2023,6/16/2024
463,Sherrie Wymer,334-898-0553,swymercu@amazon.co.jp,10/22/2023,10/26/2024
464,Hobey Cleever,777-494-0315,hcleevercv@cnn.com,11/5/2023,12/6/2024
465,Fanny Franc,967-171-3654,ffranccw@biblegateway.com,11/8/2023,1/25/2024
466,Lucienne McKinstry,531-594-6170,lmckinstrycx@g.co,10/5/2023,10/5/2024
467,Ronica Littlepage,394-316-5622,rlittlepagecy@scribd.com,10/20/2023,11/23/2024
468,Celine Danbury,610-303-1024,cdanburycz@scribd.com,11/18/2023,5/12/2024
469,Joby Burnhams,318-450-0889,jburnhamsd0@barnesandnoble.com,10/22/2023,7/9/2024
470,Lacey Twentyman,861-112-0190,ltwentymand1@ihg.com,10/22/2023,8/26/2024
471,Daloris Whisker,401-614-7896,dwhiskerd2@wsj.com,11/19/2023,9/12/2024
472,Karney Fleckney,126-264-2328,kfleckneyd3@mail.ru,11/11/2023,9/11/2024
473,Arvin Reah,475-201-6912,areahd4@examiner.com,10/5/2023,5/15/2024
474,Julissa Conahy,700-143-9962,jconahyd5@alexa.com,10/19/2023,1/28/2024
475,Derril Maroney,601-423-4693,dmaroneyd6@apple.com,11/16/2023,1/8/2024
476,Hayden Lush,144-182-2179,hlushd7@constantcontact.com,11/20/2023,9/13/2024
477,Coleen Feaveer,747-241-4235,cfeaveerd8@ft.com,11/2/2023,8/14/2024
478,Ollie Bolino,542-163-6432,obolinod9@cnn.com,10/4/2023,5/24/2024
479,Carlita Towle,472-281-9492,ctowleda@storify.com,10/9/2023,10/7/2024
480,Kordula Daens,720-815-2349,kdaensdb@hp.com,10/11/2023,5/23/2024
481,Sanderson De Pietri,889-973-3526,sdedc@independent.co.uk,11/12/2023,3/17/2024
482,Donia Jallin,171-821-9797,djallindd@cam.ac.uk,11/10/2023,1/13/2024
483,Delphine Mayze,310-740-7095,dmayzede@discovery.com,11/15/2023,9/17/2024
484,Stacy Jeffcoate,661-510-5246,sjeffcoatedf@accuweather.com,11/13/2023,4/21/2024
485,Gradey Wolfendale,597-140-5621,gwolfendaledg@canalblog.com,12/12/2023,6/29/2024
486,Hodge Batistelli,786-488-9897,hbatistellidh@51.la,11/30/2023,7/10/2024
487,Edyth Monks,180-512-1990,emonksdi@ihg.com,12/9/2023,3/23/2024
488,Justen MacGowing,633-338-9493,jmacgowingdj@fda.gov,11/15/2023,10/21/2024
489,Vern Twyning,496-656-6885,vtwyningdk@washingtonpost.com,11/14/2023,12/7/2024
490,Roscoe Ricker,214-393-0396,rrickerdl@artisteer.com,10/13/2023,1/31/2024
491,Davita Hogbourne,555-534-9399,dhogbournedm@about.com,12/1/2023,11/14/2024
492,Lynne Kitley,944-775-6154,lkitleydn@dailymail.co.uk,12/9/2023,1/29/2024
493,Waite Yedall,955-502-5983,wyedalldo@oakley.com,11/8/2023,1/20/2024
494,Pincus Sharpe,307-278-3421,psharpedp@forbes.com,11/1/2023,5/24/2024
495,Denis Tilbury,998-929-3288,dtilburydq@wufoo.com,11/10/2023,6/28/2024
496,Butch Attyeo,627-877-0495,battyeodr@istockphoto.com,11/28/2023,10/1/2024
497,Leroi Beadnall,452-679-2459,lbeadnallds@noaa.gov,12/7/2023,5/30/2024
498,Esmeralda Praundl,829-188-1541,epraundldt@stumbleupon.com,10/3/2023,10/24/2024
499,Nestor Bourdice,877-781-8335,nbourdicedu@upenn.edu,10/27/2023,12/9/2024
500,Melvin Ludgate,201-375-9370,mludgatedv@wufoo.com,10/6/2023,7/29/2024
501,Shaw Goudard,920-971-3577,sgoudarddw@1688.com,10/4/2023,10/29/2024
502,Liam Langworthy,307-814-3234,llangworthydx@dyndns.org,12/2/2023,8/10/2024
503,Barthel Diess,169-114-5379,bdiessdy@ihg.com,11/7/2023,5/8/2024
504,Donielle Tumayan,716-664-7968,dtumayandz@washington.edu,12/13/2023,10/21/2024
505,Gary Feronet,385-317-3152,gferonete0@telegraph.co.uk,11/2/2023,9/3/2024
506,Ashly Filov,718-814-3172,afilove1@feedburner.com,10/6/2023,2/17/2024
507,Stevena Leader,663-325-3948,sleadere2@intel.com,12/1/2023,7/12/2024
508,Sheree Langtree,789-319-6725,slangtreee3@opensource.org,10/22/2023,10/27/2024
509,Alex Grishechkin,570-713-0542,agrishechkine4@mit.edu,11/30/2023,1/3/2024
510,Arny Probets,451-305-5644,aprobetse5@netlog.com,10/22/2023,2/12/2024
511,Karoline Peter,368-423-4566,kpetere6@themeforest.net,11/11/2023,9/23/2024
512,Irma Corsor,617-722-6927,icorsore7@dropbox.com,11/9/2023,1/15/2024
513,Sibby Sandbach,947-363-2129,ssandbache8@businessinsider.com,10/4/2023,8/4/2024
514,Erie De Dantesie,481-260-1104,edee9@blog.com,11/1/2023,4/1/2024
515,Carley Tressler,670-972-0834,ctresslerea@4shared.com,11/16/2023,5/24/2024
516,Tiffanie Plain,731-934-8605,tplaineb@meetup.com,11/21/2023,12/6/2024
517,Peta Hessing,251-441-1759,phessingec@lycos.com,10/10/2023,11/14/2024
518,Joeann Griffith,393-375-2849,jgriffithed@go.com,10/17/2023,9/22/2024
519,Aurilia de Clerk,517-748-2096,adeee@is.gd,11/11/2023,7/9/2024
520,Erma Petett,823-212-2610,epetettef@ifeng.com,10/11/2023,3/5/2024
521,Jacinta Petrashkov,260-458-9304,jpetrashkoveg@ning.com,10/9/2023,2/26/2024
522,Ted Ritzman,132-606-5241,tritzmaneh@eepurl.com,10/10/2023,1/29/2024
523,Torrey Durnall,403-960-1617,tdurnallei@people.com.cn,11/3/2023,4/3/2024
524,Priscilla Saket,726-824-7493,psaketej@wordpress.com,10/19/2023,6/3/2024
525,Filippo Fylan,861-185-3700,ffylanek@cbslocal.com,10/14/2023,6/6/2024
526,Madelin Butler,963-223-8599,mbutlerel@about.me,10/12/2023,7/2/2024
527,Rebbecca Seagrove,277-463-3546,rseagroveem@netlog.com,11/11/2023,1/13/2024
528,Nollie Stubbley,278-944-8709,nstubbleyen@theatlantic.com,10/29/2023,8/31/2024
529,Haily Winnard,756-977-1599,hwinnardeo@ucsd.edu,10/2/2023,7/16/2024
530,Brockie Chestnutt,109-312-2184,bchestnuttep@geocities.com,10/13/2023,5/26/2024
531,Tremayne Hovey,476-146-6257,thoveyeq@wix.com,10/20/2023,1/10/2024
532,Giulio MacTurlough,549-862-9894,gmacturlougher@symantec.com,10/6/2023,3/3/2024
533,Nonna Peyntue,797-350-8410,npeyntuees@epa.gov,10/22/2023,2/3/2024
534,Felipa Krebs,720-656-7636,fkrebset@gravatar.com,11/15/2023,9/5/2024
535,Jeffy Eskriett,843-340-8696,jeskrietteu@harvard.edu,10/12/2023,6/16/2024
536,Vernice McCluin,275-830-7093,vmccluinev@trellian.com,11/21/2023,4/11/2024
537,Oona De Meyer,233-181-6050,odeew@hhs.gov,11/27/2023,3/20/2024
538,Kristian McElwee,927-723-7942,kmcelweeex@abc.net.au,10/17/2023,12/8/2024
539,Celka Youell,968-875-4826,cyouelley@wikia.com,11/22/2023,8/31/2024
540,Hall Rusbridge,797-645-5897,hrusbridgeez@com.com,12/10/2023,7/28/2024
541,Gun Menear,622-733-5576,gmenearf0@barnesandnoble.com,10/6/2023,1/19/2024
542,Enrichetta Pflieger,494-617-0158,epfliegerf1@spotify.com,11/11/2023,8/13/2024
543,Miguela Barles,303-768-6270,mbarlesf2@godaddy.com,10/18/2023,8/20/2024
544,Bethanne Beggi,879-637-5755,bbeggif3@cbslocal.com,11/21/2023,10/13/2024
545,Moshe Twining,190-141-3586,mtwiningf4@tripod.com,10/31/2023,3/29/2024
546,Parry Scopes,888-248-7647,pscopesf5@cmu.edu,10/21/2023,12/12/2024
547,Marys Jaegar,407-345-3883,mjaegarf6@cocolog-nifty.com,11/19/2023,6/5/2024
548,Bartholomeo Laborda,553-554-9789,blabordaf7@uol.com.br,10/15/2023,8/14/2024
549,Sterne Matis,475-364-5005,smatisf8@github.com,10/4/2023,8/27/2024
550,Turner Zollner,986-112-4942,tzollnerf9@hp.com,10/5/2023,8/23/2024
551,Hillel Hillum,473-374-2159,hhillumfa@fema.gov,11/3/2023,11/3/2024
552,Otho Duberry,482-849-4000,oduberryfb@comcast.net,11/15/2023,9/3/2024
553,Briney Wildes,615-406-0941,bwildesfc@engadget.com,10/29/2023,9/26/2024
554,Ardys Benka,759-374-9657,abenkafd@cafepress.com,10/1/2023,3/31/2024
555,Saidee Cord,544-399-9621,scordfe@rediff.com,12/5/2023,6/7/2024
556,Arlyne Dragge,377-802-9330,adraggeff@jalbum.net,11/17/2023,8/12/2024
557,Artemis Chinnock,783-485-8789,achinnockfg@gizmodo.com,11/26/2023,5/27/2024
558,Emlyn Maffei,610-706-4211,emaffeifh@gizmodo.com,10/24/2023,10/28/2024
559,Cyrill Enticott,214-544-1869,centicottfi@hostgator.com,11/14/2023,3/25/2024
560,Eadith Ratt,380-248-7662,erattfj@wordpress.com,12/4/2023,9/16/2024
561,Elna Conningham,737-271-6835,econninghamfk@is.gd,10/14/2023,5/27/2024
562,Candra Aucutt,846-575-6612,caucuttfl@wix.com,10/29/2023,8/11/2024
563,Bern Flacknoe,346-679-4300,bflacknoefm@illinois.edu,12/1/2023,7/28/2024
564,Baudoin Sigert,342-449-7858,bsigertfn@ocn.ne.jp,11/2/2023,4/9/2024
565,Julee Duce,580-856-2587,jducefo@harvard.edu,10/2/2023,2/10/2024
566,Meir Howlett,283-400-4989,mhowlettfp@technorati.com,10/8/2023,1/9/2024
567,Mickey Cressor,290-626-9678,mcressorfq@amazonaws.com,11/6/2023,10/25/2024
568,Sosanna Narramor,718-496-4027,snarramorfr@quantcast.com,11/3/2023,10/27/2024
569,Deloris Wernher,351-139-7819,dwernherfs@sakura.ne.jp,12/11/2023,7/2/2024
570,Kienan Cinavas,479-422-7530,kcinavasft@last.fm,12/13/2023,8/20/2024
571,Errol Coomer,872-512-1832,ecoomerfu@delicious.com,11/10/2023,3/19/2024
572,Rip Birkhead,141-439-6860,rbirkheadfv@apache.org,11/14/2023,7/1/2024
573,Carver Hyland,617-881-8906,chylandfw@thetimes.co.uk,11/13/2023,7/25/2024
574,Nona Betho,121-450-8143,nbethofx@mayoclinic.com,11/10/2023,6/18/2024
575,Goldina McMurty,409-886-4415,gmcmurtyfy@unesco.org,10/30/2023,4/11/2024
576,Rodrigo Twell,436-311-4222,rtwellfz@csmonitor.com,12/8/2023,5/25/2024
577,Janina Graves,885-280-3638,jgravesg0@slate.com,11/10/2023,5/26/2024
578,Mehetabel Theakston,715-196-9443,mtheakstong1@netscape.com,10/14/2023,8/2/2024
579,Denys Ghest,127-690-5060,dghestg2@g.co,11/28/2023,3/14/2024
580,Amelita Kulis,965-540-4026,akulisg3@cdc.gov,10/26/2023,3/21/2024
581,Hildagard Wabersich,921-879-4907,hwabersichg4@usgs.gov,11/14/2023,5/18/2024
582,Averyl Dodsworth,479-135-6063,adodsworthg5@imdb.com,10/25/2023,6/18/2024
583,Carry Bielefeld,997-880-2315,cbielefeldg6@blinklist.com,11/30/2023,9/5/2024
584,Trude Boutell,473-551-0673,tboutellg7@state.tx.us,10/18/2023,11/1/2024
585,Moyna Blankley,833-147-9248,mblankleyg8@archive.org,12/4/2023,6/12/2024
586,Vi Bavister,416-610-9902,vbavisterg9@eepurl.com,10/14/2023,8/25/2024
587,Claribel Eaglen,396-806-2578,ceaglenga@google.pl,10/1/2023,6/1/2024
588,Berky Biddulph,886-426-1466,bbiddulphgb@blinklist.com,10/20/2023,8/28/2024
589,Aurelie Wilkennson,437-386-8942,awilkennsongc@technorati.com,12/13/2023,10/14/2024
590,Odetta Halbord,339-672-0094,ohalbordgd@netvibes.com,11/11/2023,1/13/2024
591,Bradley Rodger,895-323-7943,brodgerge@angelfire.com,11/26/2023,4/23/2024
592,Sharia Duplock,220-573-4549,sduplockgf@bloomberg.com,11/1/2023,12/2/2024
593,Ardith Ledeker,869-582-4904,aledekergg@devhub.com,10/16/2023,2/27/2024
594,Ardith Perschke,884-433-5203,aperschkegh@prweb.com,12/8/2023,6/20/2024
595,Louisette Andrusov,431-184-3833,landrusovgi@sbwire.com,10/14/2023,4/6/2024
596,Nari Tarney,488-112-0359,ntarneygj@dot.gov,11/22/2023,6/23/2024
597,Bonnibelle Tipling,830-683-8405,btiplinggk@twitter.com,11/19/2023,9/5/2024
598,Ula Mushawe,644-959-8795,umushawegl@bravesites.com,11/6/2023,11/22/2024
599,Carce Grain,268-919-9099,cgraingm@twitter.com,12/9/2023,8/20/2024
600,Clerkclaude Frome,329-230-0587,cfromegn@kickstarter.com,11/2/2023,2/5/2024
